,eff%,total eff%,total carbon,num rounds,avg truthful utility, avg lying utility
1,0.7818131592538773,0.8382437811095035,3944.1625584980056,37.464,346.54121777997614,361.3996999045872
2,0.7812440988203118,0.8382140224866278,3906.9614414639527,37.393,347.9382376653818,361.2454706183984
3,0.7808472961640416,0.8382679460731267,3871.435539602021,37.295,346.72723029109056,361.669677508054
4,0.7800188774811116,0.8392049837236848,3807.9465874131943,36.92,344.3799833084849,363.8563468225758
5,0.7793388113191552,0.8394278445845551,3754.013605445692,36.773,345.6916377818844,363.1602477585401
6,0.7794303878064096,0.8382288993883148,3737.4807678674974,37.054,343.93837535310973,365.35803859733227
7,0.7772883931145113,0.8412239326649109,3616.67645285619,36.028,346.61294489409244,359.2849334124123
8,0.7776982741450534,0.8392836996883908,3621.438280450517,36.523,347.86207191509584,357.8742889880719
9,0.7769858089737132,0.8401006395846989,3569.038782658149,36.224,347.7599706397603,357.80381168222897
